word,before_honours,after_honours,jitter_val_one,jitter_val_two,jitter_one,jitter_two,label_class
2004,0.0017596782302664656,0.001142857142857143,0.13548706052824855,0.2255287147127092,5.419482421129942,11.27643573563546,nolabel
2008,0.003519356460532931,2.8571428571428574e-4,0.9977410722058266,0.8296690771821886,39.909642888233066,41.48345385910943,nolabel
aboriginal,5.027652086475615e-4,0.003285714285714286,0.7664462805259973,0.7158039996866137,30.65785122103989,35.790199984330684,label
abstract,2.5138260432378077e-4,1.4285714285714287e-4,0.7258857665583491,0.848971510771662,29.035430662333965,42.4485755385831,nolabel
academic,0.0057817998994469585,0.005571428571428572,0.591923990054056,0.7911206698045135,23.676959602162242,39.55603349022567,nolabel
access,2.5138260432378077e-4,7.142857142857143e-4,0.5002417915966362,0.9540077466517687,20.009671663865447,47.700387332588434,nolabel
acclaimed,7.541478129713424e-4,1.4285714285714287e-4,0.8598343492485583,0.998615903314203,34.39337396994233,49.93079516571015,nolabel
achievement,5.027652086475615e-4,2.8571428571428574e-4,0.18206222751177847,0.07970893452875316,7.282489100471139,3.985446726437658,nolabel
actor,0.0030165912518853697,5.714285714285715e-4,0.21391956158913672,0.22209880175068974,8.556782463565469,11.104940087534487,label
administration,0.00904977375565611,0.0064285714285714285,0.5851039276458323,0.0626300813164562,23.404157105833292,3.13150406582281,nolabel
adult,2.5138260432378077e-4,2.8571428571428574e-4,0.2762485072016716,0.8085849359631538,11.049940288066864,40.42924679815769,nolabel
advancement,0.002513826043237808,0.002142857142857143,0.9827711801044643,0.04935904871672392,39.31084720417857,2.467952435836196,nolabel
advances,7.541478129713424e-4,2.8571428571428574e-4,0.28996526659466326,0.16749726538546383,11.59861066378653,8.374863269273192,nolabel
adviser,5.027652086475615e-4,1.4285714285714287e-4,0.8996922322548926,0.7087227732408792,35.9876892901957,35.43613866204396,nolabel
advisory,0.001005530417295123,4.2857142857142855e-4,0.901856918586418,0.8093302468769252,36.07427674345672,40.46651234384626,nolabel
advocacy,0.0022624434389140274,2.8571428571428574e-4,0.08260614518076181,0.8210515971295536,3.3042458072304726,41.05257985647768,nolabel
advocate,0.008044243338360985,0.004285714285714286,0.6653036074712873,0.18570784735493362,26.61214429885149,9.285392367746681,nolabel
affairs,5.027652086475615e-4,0.0012857142857142856,0.6879323197063059,0.03215750330127776,27.517292788252234,1.6078751650638878,nolabel
aged,2.5138260432378077e-4,4.2857142857142855e-4,0.2601675835903734,0.20885999407619238,10.406703343614936,10.442999703809619,label
ageing,2.5138260432378077e-4,1.4285714285714287e-4,0.17942733806557953,0.7475931141525507,7.177093522623181,37.379655707627535,nolabel
aids,2.5138260432378077e-4,2.8571428571428574e-4,0.765487453667447,0.7579285730607808,30.61949814669788,37.89642865303904,nolabel
alcohol,2.5138260432378077e-4,1.4285714285714287e-4,0.14179783198051155,0.31113359285518527,5.671913279220462,15.556679642759264,nolabel
althlete,0.0022624434389140274,0.0014285714285714286,0.06887181173078716,0.5411325725726783,2.7548724692314863,27.056628628633916,nolabel
america,2.5138260432378077e-4,2.8571428571428574e-4,0.5035626688040793,0.576607754221186,20.142506752163172,28.830387711059302,nolabel
analysis,2.5138260432378077e-4,2.8571428571428574e-4,0.36316004395484924,0.5777312149293721,14.52640175819397,28.886560746468604,nolabel
anglican,2.5138260432378077e-4,2.8571428571428574e-4,0.49067141325213015,0.8174824216403067,19.626856530085206,40.874121082015336,nolabel
anti,2.5138260432378077e-4,1.4285714285714287e-4,0.3786850548349321,0.5075415405444801,15.147402193397284,25.377077027224004,nolabel
archaeology,5.027652086475615e-4,1.4285714285714287e-4,0.16173767065629363,0.33717307122424245,6.469506826251745,16.858653561212122,nolabel
architecture,5.027652086475615e-4,8.571428571428571e-4,0.9607965522445738,0.6043489747680724,38.43186208978295,30.21744873840362,nolabel
arcitecture,2.5138260432378077e-4,1.4285714285714287e-4,0.48677591956220567,0.30061521008610725,19.471036782488227,15.030760504305363,nolabel
army,7.541478129713424e-4,4.2857142857142855e-4,0.1318866997025907,0.39494227594695985,5.275467988103628,19.747113797347993,nolabel
art,7.541478129713424e-4,0.003857142857142857,0.27737583173438907,0.09385395469143987,11.095033269375563,4.692697734571993,label
artist,0.0015082956259426848,5.714285714285715e-4,0.07910802331753075,0.6231201160699129,3.16432093270123,31.156005803495646,nolabel
artistic,0.001256913021618904,8.571428571428571e-4,0.6933521521277726,0.3249289244413376,27.734086085110903,16.24644622206688,nolabel
artists,0.0017596782302664656,7.142857142857143e-4,0.326212857151404,0.6345973091665655,13.048514286056161,31.729865458328277,nolabel
arts,0.016339869281045753,0.013857142857142858,0.8788766907528043,0.11593152466230094,35.15506763011217,5.796576233115047,nolabel
assembly,0.001005530417295123,1.4285714285714287e-4,0.8003560604993254,0.8700046585872769,32.014242419973016,43.50023292936385,nolabel
association,2.5138260432378077e-4,8.571428571428571e-4,0.08455468760803342,0.8728744317777455,3.3821875043213367,43.643721588887274,nolabel
associations,0.0015082956259426848,5.714285714285715e-4,0.6907095306087285,0.33534630574285984,27.62838122434914,16.767315287142992,nolabel
asylum,5.027652086475615e-4,2.8571428571428574e-4,0.11419781157746911,0.6266416325233877,4.567912463098764,31.332081626169384,nolabel
athens,0.0017596782302664656,0.001142857142857143,0.3071538587100804,0.8165161504875869,12.286154348403215,40.82580752437934,nolabel
athlete,0.0015082956259426848,1.4285714285714287e-4,0.845773390494287,0.054792651906609535,33.83093561977148,2.7396325953304768,label
australia,0.012317747611865259,0.007714285714285714,0.5562924379482865,0.5375381992198527,22.25169751793146,26.876909960992634,nolabel
australia's,0.001005530417295123,2.8571428571428574e-4,0.2733491500839591,0.5149113847874105,10.933966003358364,25.745569239370525,nolabel
australian,0.007038712921065862,0.012571428571428572,0.3784390762448311,0.26377852028235793,15.137563049793243,13.188926014117897,nolabel
australians,5.027652086475615e-4,1.4285714285714287e-4,0.844061492709443,0.6494041241239756,33.76245970837772,32.47020620619878,nolabel
author,0.005530417295123178,0.003142857142857143,0.6697361257392913,0.159400348784402,26.789445029571652,7.970017439220101,nolabel
aviation,2.5138260432378077e-4,4.2857142857142855e-4,0.6272298304829746,0.5545901819132268,25.089193219318986,27.729509095661342,nolabel
award,2.5138260432378077e-4,4.2857142857142855e-4,0.9163621021434665,0.7511847477871925,36.65448408573866,37.55923738935962,nolabel
awareness,0.001256913021618904,0.002,0.9513565737288445,0.7835978253278881,38.05426294915378,39.17989126639441,nolabel
ballet,7.541478129713424e-4,8.571428571428571e-4,0.5006342395208776,0.4488531514070928,20.025369580835104,22.44265757035464,nolabel
based,2.5138260432378077e-4,1.4285714285714287e-4,0.021223651245236397,0.7254612005781382,0.8489460498094559,36.27306002890691,nolabel
basketball,0.001005530417295123,2.8571428571428574e-4,0.5053491231519729,0.9987908478360623,20.213964926078916,49.939542391803116,nolabel
beijing,0.003519356460532931,2.8571428571428574e-4,0.043283878127112985,0.697557729203254,1.7313551250845194,34.8778864601627,label
biochemistry,2.5138260432378077e-4,1.4285714285714287e-4,0.5254863176960498,0.42516264016740024,21.019452707841992,21.258132008370012,nolabel
biomedical,7.541478129713424e-4,2.8571428571428574e-4,0.7563728059176356,0.7428781813941896,30.254912236705422,37.14390906970948,nolabel
blind,2.5138260432378077e-4,1.4285714285714287e-4,0.09314102097414434,0.45204787072725594,3.7256408389657736,22.602393536362797,nolabel
board,2.5138260432378077e-4,1.4285714285714287e-4,0.47402304294519126,0.31335054663941264,18.96092171780765,15.667527331970632,nolabel
bodies,5.027652086475615e-4,7.142857142857143e-4,0.4825895291287452,0.08402688312344253,19.303581165149808,4.2013441561721265,nolabel
botanical,2.5138260432378077e-4,5.714285714285715e-4,0.5092943122144789,0.6404230729676783,20.371772488579154,32.021153648383915,nolabel
brain,5.027652086475615e-4,1.4285714285714287e-4,0.2423571958206594,0.20197941339574754,9.694287832826376,10.098970669787377,nolabel
breast,7.541478129713424e-4,7.142857142857143e-4,0.32621521851979196,0.970975516596809,13.048608740791678,48.54877582984045,nolabel
broad,2.5138260432378077e-4,2.8571428571428574e-4,0.5244672070257366,0.9598617318551987,20.978688281029463,47.99308659275994,nolabel
broadcasting,0.004524886877828055,8.571428571428571e-4,0.11970621510408819,0.7607035138644278,4.7882486041635275,38.03517569322139,label
business,0.0030165912518853697,0.002,0.10977191547863185,0.44335981900803745,4.390876619145274,22.167990950401872,nolabel
cancer,0.002765208647561589,0.0017142857142857142,0.851956220343709,0.7436317021492869,34.07824881374836,37.18158510746434,nolabel
cancers,2.5138260432378077e-4,1.4285714285714287e-4,0.954508152557537,0.7244646679610014,38.18032610230148,36.22323339805007,nolabel
capital,5.027652086475615e-4,4.2857142857142855e-4,0.7961098889354616,0.7317725918255746,31.844395557418466,36.58862959127873,nolabel
care,0.002011060834590246,0.003285714285714286,0.9503679629415274,0.8875332421157509,38.014718517661095,44.376662105787545,label
central,2.5138260432378077e-4,2.8571428571428574e-4,0.08310977811925113,0.6610685777850449,3.3243911247700453,33.053428889252245,nolabel
chamber,5.027652086475615e-4,1.4285714285714287e-4,0.7227599015459418,0.3827551093418151,28.910396061837673,19.137755467090756,nolabel
champion,5.027652086475615e-4,4.2857142857142855e-4,0.18111481540836394,0.3836796162649989,7.2445926163345575,19.183980813249946,nolabel
charitable,0.005279034690799397,0.002285714285714286,0.8758595399558544,0.6026953852269799,35.03438159823418,30.134769261348993,nolabel
chemistry,5.027652086475615e-4,1.4285714285714287e-4,0.5753010613843799,0.9624149147421122,23.012042455375195,48.12074573710561,nolabel
child,0.001005530417295123,0.001142857142857143,0.7923939162865281,0.6985372696071863,31.695756651461124,34.926863480359316,nolabel
childhood,2.5138260432378077e-4,2.8571428571428574e-4,0.3352054867427796,0.5802215742878616,13.408219469711185,29.01107871439308,nolabel
children,0.002513826043237808,0.004,0.28431932465173304,0.635677982121706,11.372772986069322,31.7838991060853,label
church,7.541478129713424e-4,4.2857142857142855e-4,0.14940480887889862,0.6538574711885303,5.976192355155945,32.692873559426516,nolabel
clean,2.5138260432378077e-4,2.8571428571428574e-4,0.9737511854618788,0.11741088167764246,38.95004741847515,5.870544083882123,nolabel
clinical,5.027652086475615e-4,4.2857142857142855e-4,0.9977108913008124,0.9640636162366718,39.908435652032495,48.20318081183359,nolabel
clinician,2.5138260432378077e-4,5.714285714285715e-4,0.7887174808420241,0.1840146032627672,31.548699233680964,9.20073016313836,nolabel
clothing,7.541478129713424e-4,1.4285714285714287e-4,0.33971408125944436,0.07799456641077995,13.588563250377774,3.8997283205389977,nolabel
coach,0.0032679738562091504,7.142857142857143e-4,0.3209932374302298,0.5909401488024741,12.839729497209191,29.547007440123707,label
coast,2.5138260432378077e-4,2.8571428571428574e-4,0.8247690103016794,0.4174413359723985,32.990760412067175,20.872066798619926,nolabel
college,2.5138260432378077e-4,1.4285714285714287e-4,0.9737441940233111,0.6853784793056548,38.949767760932446,34.26892396528274,nolabel
commander,2.5138260432378077e-4,1.4285714285714287e-4,0.44398030498996377,0.3488911536987871,17.75921219959855,17.444557684939355,nolabel
commentator,0.001005530417295123,4.2857142857142855e-4,0.37756665190681815,0.07042664987966418,15.102666076272726,3.521332493983209,nolabel
commercial,2.5138260432378077e-4,1.4285714285714287e-4,0.1304556739050895,0.9576805895194411,5.21822695620358,47.884029475972056,nolabel
commitment,5.027652086475615e-4,4.2857142857142855e-4,0.021866601426154375,0.5513728393707424,0.874664057046175,27.568641968537122,nolabel
communities,5.027652086475615e-4,5.714285714285715e-4,0.5985094029456377,0.46095507428981364,23.940376117825508,23.047753714490682,nolabel
community,0.029914529914529916,0.035,0.7442135917954147,0.7570417677052319,29.768543671816587,37.852088385261595,nolabel
comparative,2.5138260432378077e-4,1.4285714285714287e-4,0.06700340053066611,0.1361131127923727,2.6801360212266445,6.805655639618635,nolabel
competitor,0.001005530417295123,5.714285714285715e-4,0.9074781036470085,0.5631734256166965,36.29912414588034,28.158671280834824,nolabel
composer,7.541478129713424e-4,5.714285714285715e-4,0.19722078531049192,0.02710792445577681,7.888831412419677,1.3553962227888405,nolabel
computer,2.5138260432378077e-4,1.4285714285714287e-4,0.2825465190690011,0.657827909803018,11.301860762760043,32.8913954901509,nolabel
concern,2.5138260432378077e-4,1.4285714285714287e-4,0.6011926815845072,0.4304391329642385,24.04770726338029,21.521956648211926,nolabel
conductor,2.5138260432378077e-4,1.4285714285714287e-4,0.969460240798071,0.1096326180268079,38.77840963192284,5.481630901340395,nolabel
conflict,5.027652086475615e-4,1.4285714285714287e-4,0.4615003364160657,0.3938117001671344,18.460013456642628,19.69058500835672,nolabel
conservation,0.002011060834590246,0.0018571428571428571,0.024810063652694225,0.6549605487380177,0.992402546107769,32.748027436900884,nolabel
contemporary,5.027652086475615e-4,7.142857142857143e-4,0.29862669738940895,0.06392932194285095,11.945067895576358,3.1964660971425474,nolabel
contribution,0.007541478129713424,0.0034285714285714284,0.049664729507640004,0.36228550993837416,1.9865891803056002,18.114275496918708,nolabel
contributor,7.541478129713424e-4,0.0015714285714285715,0.804488581372425,0.9771757209673524,32.179543254897,48.85878604836762,nolabel
control,2.5138260432378077e-4,2.8571428571428574e-4,0.03070451971143484,0.9518502554856241,1.2281807884573936,47.592512774281204,nolabel
corporate,5.027652086475615e-4,4.2857142857142855e-4,0.6248541129752994,0.37844488862901926,24.994164519011974,18.922244431450963,nolabel
corporations,2.5138260432378077e-4,1.4285714285714287e-4,0.1575690561439842,0.8799726825673133,6.302762245759368,43.998634128365666,nolabel
council,2.5138260432378077e-4,7.142857142857143e-4,0.4105513214599341,0.4009121819399297,16.422052858397365,20.045609096996486,nolabel
countries,5.027652086475615e-4,4.2857142857142855e-4,0.8189828200265765,0.11168485856615007,32.75931280106306,5.5842429283075035,nolabel
country,2.5138260432378077e-4,1.4285714285714287e-4,0.6718577046412975,0.9850906969513744,26.8743081856519,49.25453484756872,nolabel
court,5.027652086475615e-4,1.4285714285714287e-4,0.9573464402928948,0.10865166620351374,38.293857611715794,5.432583310175687,nolabel
cricket,0.001005530417295123,1.4285714285714287e-4,0.16245614364743233,0.11833310383372009,6.498245745897293,5.916655191686004,nolabel
critic,2.5138260432378077e-4,2.8571428571428574e-4,0.9327358235605061,0.3236463931389153,37.309432942420244,16.182319656945765,nolabel
cross,2.5138260432378077e-4,2.8571428571428574e-4,0.04536477290093899,0.5034060790203512,1.8145909160375595,25.17030395101756,nolabel
cultural,0.0030165912518853697,0.004285714285714286,0.30214846041053534,0.017825041664764285,12.085938416421413,0.8912520832382143,nolabel
culture,2.5138260432378077e-4,0.0014285714285714286,0.949526336742565,0.9597197950351983,37.9810534697026,47.98598975175992,nolabel
cure,2.5138260432378077e-4,1.4285714285714287e-4,0.6259579749312252,0.6685142531059682,25.038318997249007,33.42571265529841,nolabel
curriculum,2.5138260432378077e-4,4.2857142857142855e-4,0.24795424775220454,0.49462135368958116,9.918169910088181,24.731067684479058,nolabel
dance,7.541478129713424e-4,4.2857142857142855e-4,0.9358211376238614,0.8493562736548483,37.43284550495446,42.46781368274242,nolabel
day,2.5138260432378077e-4,0.010285714285714285,0.7514764650259167,0.5004122531972826,30.059058601036668,25.020612659864128,nolabel
debate,2.5138260432378077e-4,8.571428571428571e-4,0.037702355068176985,0.8569661448709667,1.5080942027270794,42.848307243548334,nolabel
defence,0.001256913021618904,8.571428571428571e-4,0.5843262854032218,0.6275684721767902,23.373051416128874,31.378423608839512,nolabel
delivery,5.027652086475615e-4,7.142857142857143e-4,0.1548262492287904,0.1755792386829853,6.193049969151616,8.778961934149265,nolabel
democrats,2.5138260432378077e-4,1.4285714285714287e-4,0.26459878240711987,0.27782041882164776,10.583951296284795,13.891020941082388,nolabel
design,0.0015082956259426848,4.2857142857142855e-4,0.08161085681058466,0.4768898955080658,3.2644342724233866,23.84449477540329,nolabel
developing,0.001256913021618904,8.571428571428571e-4,0.6386144037824124,0.35829550749622285,25.544576151296496,17.914775374811143,nolabel
development,0.008295625942684766,0.007571428571428572,0.7852924098260701,0.013437094632536173,31.411696393042803,0.6718547316268086,nolabel
diabetes,2.5138260432378077e-4,2.8571428571428574e-4,0.24104809598065913,0.8660871717147529,9.641923839226365,43.304358585737646,nolabel
diplomatic,5.027652086475615e-4,2.8571428571428574e-4,0.13088334584608674,0.22421478270553052,5.23533383384347,11.210739135276526,nolabel
director,0.002011060834590246,0.0017142857142857142,0.034423502162098885,0.09094910719431937,1.3769400864839554,4.547455359715968,nolabel
disability,0.001256913021618904,0.002142857142857143,0.3914161992724985,0.5096968999132514,15.65664797089994,25.48484499566257,label
disadvantaged,0.001005530417295123,2.8571428571428574e-4,0.07778836810030043,0.5071140138898045,3.1115347240120173,25.355700694490224,nolabel
discovery,2.5138260432378077e-4,1.4285714285714287e-4,0.08007958298549056,0.7713466787245125,3.2031833194196224,38.56733393622562,nolabel
discrimination,2.5138260432378077e-4,4.2857142857142855e-4,0.4613833259791136,0.5920173455961049,18.455333039164543,29.600867279805243,nolabel
diseases,2.5138260432378077e-4,4.2857142857142855e-4,0.03320631431415677,0.4038943040650338,1.3282525725662708,20.19471520325169,nolabel
diverse,2.5138260432378077e-4,4.2857142857142855e-4,0.5099669613409787,0.1612810343503952,20.39867845363915,8.06405171751976,nolabel
drug,7.541478129713424e-4,2.8571428571428574e-4,0.06855354970321059,0.23212711024098098,2.7421419881284237,11.60635551204905,nolabel
east,2.5138260432378077e-4,5.714285714285715e-4,0.9884858522564173,0.28449000092223287,39.53943409025669,14.224500046111643,nolabel
economic,0.001005530417295123,0.0012857142857142856,0.18062142375856638,0.5651356677990407,7.224856950342655,28.256783389952034,nolabel
editor,5.027652086475615e-4,2.8571428571428574e-4,0.30172280920669436,0.9938918277621269,12.068912368267775,49.694591388106346,nolabel
education,0.0196078431372549,0.01757142857142857,0.2897494768258184,0.062266393564641476,11.589979073032737,3.113319678232074,nolabel
educational,0.0017596782302664656,0.0014285714285714286,0.1354114473797381,0.3008912920486182,5.416457895189524,15.04456460243091,nolabel
educator,5.027652086475615e-4,0.001,0.12334172474220395,0.8306137213949114,4.933668989688158,41.53068606974557,label
electronics,2.5138260432378077e-4,1.4285714285714287e-4,0.39030909771099687,0.6101087466813624,15.612363908439875,30.50543733406812,nolabel
emerging,7.541478129713424e-4,7.142857142857143e-4,0.5862459209747612,0.9236092616338283,23.44983683899045,46.180463081691414,nolabel
employment,2.5138260432378077e-4,7.142857142857143e-4,0.6789662356022745,0.23339147167280316,27.15864942409098,11.669573583640158,nolabel
empowerment,2.5138260432378077e-4,1.4285714285714287e-4,0.3448453019373119,0.32926282030530274,13.793812077492476,16.463141015265137,nolabel
encouragement,2.5138260432378077e-4,7.142857142857143e-4,0.9429206177592278,0.6805865757633001,37.71682471036911,34.029328788165,nolabel
encouraging,5.027652086475615e-4,5.714285714285715e-4,0.3772545224055648,0.23457129369489849,15.090180896222591,11.728564684744924,nolabel
energy,5.027652086475615e-4,4.2857142857142855e-4,0.08787946752272546,0.03828312922269106,3.5151787009090185,1.914156461134553,nolabel
engineering,5.027652086475615e-4,7.142857142857143e-4,0.592086429009214,0.5085825312417,23.68345716036856,25.429126562085003,nolabel
entertainer,0.0022624434389140274,0.0018571428571428571,0.4984100826550275,0.5600077949929982,19.9364033062011,28.000389749649912,nolabel
environment,0.0017596782302664656,8.571428571428571e-4,0.8003858313895762,0.9165321495383978,32.01543325558305,45.82660747691989,nolabel
environmental,0.001005530417295123,0.001,0.21172368270345032,0.2887613244820386,8.468947308138013,14.43806622410193,nolabel
epidemiology,2.5138260432378077e-4,5.714285714285715e-4,0.8379744435660541,0.11079207016155124,33.518977742642164,5.539603508077562,nolabel
equal,2.5138260432378077e-4,5.714285714285715e-4,0.0481711293105036,0.1331197323743254,1.926845172420144,6.65598661871627,nolabel
equity,0.0015082956259426848,4.2857142857142855e-4,0.5022627899888903,0.36389902839437127,20.09051159955561,18.194951419718564,nolabel
establishment,5.027652086475615e-4,0.002,0.9791799276135862,0.8973780432716012,39.16719710454345,44.86890216358006,nolabel
ethics,2.5138260432378077e-4,2.8571428571428574e-4,0.16175148426555097,0.31574570550583303,6.470059370622039,15.787285275291651,nolabel
evolution,2.5138260432378077e-4,1.4285714285714287e-4,0.5159413928631693,0.753740505548194,20.637655714526772,37.6870252774097,nolabel
excellence,2.5138260432378077e-4,1.4285714285714287e-4,0.7452290616929531,0.271545393159613,29.809162467718124,13.57726965798065,nolabel
exceptional,5.027652086475615e-4,5.714285714285715e-4,0.930834494298324,0.17876708740368485,37.23337977193296,8.938354370184243,nolabel
exchange,2.5138260432378077e-4,1.4285714285714287e-4,0.6299579797778279,0.3616429839748889,25.198319191113114,18.082149198744446,nolabel
executive,0.002011060834590246,0.0014285714285714286,0.6090413935016841,0.8730933854822069,24.361655740067363,43.65466927411035,nolabel
extraordinary,2.5138260432378077e-4,1.4285714285714287e-4,0.26225870195776224,0.9503819679375738,10.49034807831049,47.51909839687869,nolabel
facilities,2.5138260432378077e-4,2.8571428571428574e-4,0.44810908543877304,0.20263136038556695,17.92436341755092,10.131568019278347,nolabel
families,2.5138260432378077e-4,5.714285714285715e-4,0.4396253360901028,0.8664519661106169,17.58501344360411,43.322598305530846,nolabel
family,5.027652086475615e-4,4.2857142857142855e-4,0.39823345420882106,0.3365755199920386,15.929338168352842,16.82877599960193,nolabel
fashion,0.001256913021618904,2.8571428571428574e-4,0.11905552912503481,0.9438636985141784,4.762221165001392,47.19318492570892,label
federal,5.027652086475615e-4,1.4285714285714287e-4,0.8871422098018229,0.7470771230291575,35.485688392072916,37.353856151457876,nolabel
female,5.027652086475615e-4,1.4285714285714287e-4,0.7701881392858922,0.9638015425298363,30.80752557143569,48.190077126491815,nolabel
field,0.004273504273504274,0.009,0.8452682732604444,0.7592314381618053,33.810730930417776,37.961571908090264,nolabel
fields,5.027652086475615e-4,0.0018571428571428571,0.274339901516214,0.8222818116191775,10.97359606064856,41.11409058095887,nolabel
film,0.002513826043237808,0.002142857142857143,0.21265109162777662,0.42039823718369007,8.506043665111065,21.019911859184504,nolabel
finance,2.5138260432378077e-4,2.8571428571428574e-4,0.5611161040142179,0.6180161447264254,22.444644160568714,30.90080723632127,nolabel
financial,5.027652086475615e-4,2.8571428571428574e-4,0.4258417431265116,0.4896151835564524,17.033669725060463,24.48075917782262,nolabel
flora,2.5138260432378077e-4,4.2857142857142855e-4,0.2761156209744513,0.8037670720368624,11.044624838978052,40.18835360184312,nolabel
food,0.001005530417295123,4.2857142857142855e-4,0.0755974161438644,0.9827926768921316,3.0238966457545757,49.13963384460658,nolabel
football,5.027652086475615e-4,1.4285714285714287e-4,0.28014375758357346,0.3522823799867183,11.205750303342938,17.614118999335915,nolabel
force,2.5138260432378077e-4,8.571428571428571e-4,0.2971334874164313,0.7623549308627844,11.885339496657252,38.11774654313922,nolabel
foreign,5.027652086475615e-4,1.4285714285714287e-4,0.760264711920172,0.26567889540456235,30.41058847680688,13.283944770228118,nolabel
forensic,2.5138260432378077e-4,2.8571428571428574e-4,0.03731999592855573,0.8298638223204762,1.492799837142229,41.49319111602381,nolabel
fostering,5.027652086475615e-4,0.001,0.6084855892695487,0.23493399168364704,24.339423570781946,11.746699584182352,nolabel
free,2.5138260432378077e-4,1.4285714285714287e-4,0.010204251622781157,0.5915448518935591,0.4081700649112463,29.577242594677955,nolabel
freedom,2.5138260432378077e-4,1.4285714285714287e-4,0.023452436784282327,0.30102959368377924,0.9380974713712931,15.051479684188962,nolabel
fundraiser,2.5138260432378077e-4,0.001,0.7293264328036457,0.4601127579808235,29.17305731214583,23.005637899041176,nolabel
fundraising,0.001005530417295123,0.001142857142857143,0.03642636118456721,0.6872577760368586,1.4570544473826885,34.36288880184293,nolabel
games,0.016842634489693312,0.011714285714285714,0.60867686313577,0.5128753583412617,24.3470745254308,25.643767917063087,label
gender,0.0032679738562091504,2.8571428571428574e-4,0.7023627171292901,0.24159573297947645,28.094508685171604,12.079786648973823,nolabel
genetics,5.027652086475615e-4,4.2857142857142855e-4,0.9992943606339395,0.7221809991169721,39.97177442535758,36.109049955848604,nolabel
global,0.001005530417295123,1.4285714285714287e-4,0.6530731727834791,0.864834381500259,26.122926911339164,43.24171907501295,nolabel
gold,0.016842634489693312,0.012142857142857143,0.3089635237120092,0.18159565445967019,12.358540948480368,9.07978272298351,label
golf,2.5138260432378077e-4,1.4285714285714287e-4,0.3281932023819536,0.3038922322448343,13.127728095278144,15.194611612241715,nolabel
governance,7.541478129713424e-4,8.571428571428571e-4,0.20085646584630013,0.18646235531195998,8.034258633852005,9.323117765597999,nolabel
government,0.002513826043237808,0.003,0.17624612827785313,0.9784521074034274,7.049845131114125,48.92260537017137,nolabel
head,2.5138260432378077e-4,1.4285714285714287e-4,0.8050970698241144,0.6844887544866651,32.20388279296458,34.22443772433326,nolabel
health,0.00930115635997989,0.00842857142857143,0.38920957571826875,0.33691081567667425,15.56838302873075,16.845540783833712,nolabel
heritage,5.027652086475615e-4,0.0014285714285714286,0.7902932607103139,0.9621541046071798,31.611730428412557,48.10770523035899,nolabel
highlands,2.5138260432378077e-4,1.4285714285714287e-4,0.9389803793746978,0.5955837075598538,37.55921517498791,29.77918537799269,nolabel
historian,2.5138260432378077e-4,2.8571428571428574e-4,0.7494882107712328,0.8131158680189401,29.979528430849314,40.655793400947005,nolabel
historical,0.001005530417295123,5.714285714285715e-4,0.04730442748405039,0.30893511860631406,1.8921770993620157,15.446755930315703,nolabel
history,0.0015082956259426848,0.0037142857142857142,0.03838234767317772,0.5710681353230029,1.5352939069271088,28.553406766150147,nolabel
hiv,5.027652086475615e-4,2.8571428571428574e-4,0.8099177565891296,0.7470903941430151,32.39671026356518,37.35451970715076,label
hockey,2.5138260432378077e-4,8.571428571428571e-4,0.24569636466912925,0.8037322296295315,9.82785458676517,40.186611481476575,nolabel
house,2.5138260432378077e-4,2.8571428571428574e-4,0.7164933490566909,0.07109187240712345,28.659733962267637,3.5545936203561723,nolabel
human,0.0022624434389140274,0.0017142857142857142,0.07203461416065693,0.2513645961880684,2.881384566426277,12.56822980940342,nolabel
humanitarian,7.541478129713424e-4,0.001142857142857143,0.5653989652637392,0.17714220751076937,22.61595861054957,8.857110375538468,nolabel
illustrator,7.541478129713424e-4,2.8571428571428574e-4,0.9491214053705335,0.24220240418799222,37.96485621482134,12.11012020939961,nolabel
implementation,2.5138260432378077e-4,2.8571428571428574e-4,0.9997079463209957,0.7743956409394741,39.98831785283983,38.719782046973705,nolabel
improve,5.027652086475615e-4,4.2857142857142855e-4,0.6927239075303078,0.962179871276021,27.70895630121231,48.10899356380105,nolabel
improved,0.001005530417295123,0.0012857142857142856,0.2222121236845851,0.2914803330786526,8.888484947383404,14.574016653932631,nolabel
improving,5.027652086475615e-4,8.571428571428571e-4,0.4129113166127354,0.4234991956036538,16.516452664509416,21.17495978018269,nolabel
inclusion,5.027652086475615e-4,1.4285714285714287e-4,0.7296633806545287,0.6412775821518153,29.18653522618115,32.063879107590765,nolabel
indigenous,0.005027652086475616,0.004,0.8006932190619409,0.48982602171599865,32.027728762477636,24.491301085799932,label
industrial,0.001256913021618904,1.4285714285714287e-4,0.24015293852426112,0.8758447344880551,9.606117540970445,43.792236724402755,nolabel
industry,0.005279034690799397,0.004714285714285714,0.5909382132813334,0.6148373321630061,23.637528531253338,30.741866608150303,nolabel
infectious,2.5138260432378077e-4,1.4285714285714287e-4,0.12828782084397972,0.2688415970187634,5.131512833759189,13.442079850938171,nolabel
influencing,2.5138260432378077e-4,1.4285714285714287e-4,0.9561279930640012,0.1421699950005859,38.24511972256005,7.108499750029296,nolabel
information,2.5138260432378077e-4,5.714285714285715e-4,0.2948573315516114,0.0435045282356441,11.794293262064457,2.175226411782205,nolabel
infrastructure,2.5138260432378077e-4,2.8571428571428574e-4,0.49619729397818446,0.34787603933364153,19.84789175912738,17.393801966682076,nolabel
initiatives,0.001005530417295123,8.571428571428571e-4,0.3371619402896613,0.41015382250770926,13.486477611586452,20.507691125385463,nolabel
injury,2.5138260432378077e-4,2.8571428571428574e-4,0.9606712174136192,0.8757170285098255,38.426848696544766,43.78585142549127,nolabel
innovative,2.5138260432378077e-4,1.4285714285714287e-4,0.5372802477795631,0.6278845963533968,21.491209911182523,31.39422981766984,nolabel
institutions,5.027652086475615e-4,1.4285714285714287e-4,0.8640669162850827,0.5040747537277639,34.56267665140331,25.203737686388195,nolabel
intellectual,2.5138260432378077e-4,2.8571428571428574e-4,0.6712654214352369,0.8911851265002042,26.850616857409477,44.55925632501021,nolabel
international,0.007038712921065862,0.004571428571428572,0.43315528240054846,0.12080141855403781,17.32621129602194,6.0400709277018905,nolabel
internationally,0.001256913021618904,0.0018571428571428571,0.21799316862598062,0.8171927488874644,8.719726745039225,40.85963744437322,nolabel
investigative,2.5138260432378077e-4,1.4285714285714287e-4,0.1593055767007172,0.5751419828739017,6.372223068028688,28.757099143695086,nolabel
investment,2.5138260432378077e-4,2.8571428571428574e-4,0.3481687172316015,0.479310326743871,13.926748689264059,23.96551633719355,nolabel
involved,2.5138260432378077e-4,2.8571428571428574e-4,0.3069654789287597,0.9283822730649263,12.278619157150388,46.41911365324631,nolabel
islander,7.541478129713424e-4,2.8571428571428574e-4,0.7190579406451434,0.6723414780572057,28.762317625805736,33.617073902860284,nolabel
issues,0.001005530417295123,0.003142857142857143,0.055883504217490554,0.5363460821099579,2.235340168699622,26.817304105497897,nolabel
japan,2.5138260432378077e-4,1.4285714285714287e-4,0.9086685194633901,0.28678025933913887,36.346740778535604,14.339012966956943,nolabel
jewish,7.541478129713424e-4,2.8571428571428574e-4,0.905667650513351,0.45960217504762113,36.22670602053404,22.980108752381057,nolabel
journalism,5.027652086475615e-4,4.2857142857142855e-4,0.5825287899933755,0.5046283050905913,23.30115159973502,25.231415254529566,nolabel
journalist,0.001005530417295123,7.142857142857143e-4,0.14633905864320695,0.6728220945224166,5.853562345728278,33.64110472612083,nolabel
judge,5.027652086475615e-4,1.4285714285714287e-4,0.08304532268084586,0.2058564017061144,3.3218129072338343,10.29282008530572,nolabel
judicial,7.541478129713424e-4,1.4285714285714287e-4,0.8150560602080077,0.22611619718372822,32.60224240832031,11.305809859186411,nolabel
judiciary,0.005027652086475616,0.0014285714285714286,0.2668724653776735,0.8066345485858619,10.67489861510694,40.331727429293096,nolabel
justice,0.002765208647561589,0.0025714285714285713,0.9573682411573827,0.8366660429164767,38.29472964629531,41.833302145823836,nolabel
key,2.5138260432378077e-4,1.4285714285714287e-4,0.035965233808383346,0.4214249497745186,1.4386093523353338,21.07124748872593,nolabel
landscape,5.027652086475615e-4,2.8571428571428574e-4,0.6421698515769094,0.4375385364983231,25.686794063076377,21.876926824916154,nolabel
languages,2.5138260432378077e-4,1.4285714285714287e-4,0.05337830353528261,0.7095281744841486,2.1351321414113045,35.47640872420743,nolabel
law,0.007290095525389643,0.0034285714285714284,0.7318651424720883,0.358292582212016,29.274605698883533,17.9146291106008,label
leader,0.001256913021618904,5.714285714285715e-4,0.9908828339539468,0.7239639102481306,39.63531335815787,36.19819551240653,nolabel
leadership,0.004524886877828055,0.003142857142857143,0.8906976950820535,0.5205419599078596,35.62790780328214,26.027097995392978,nolabel
leading,7.541478129713424e-4,0.001,0.13135587074793875,0.3445308515802026,5.25423482991755,17.22654257901013,nolabel
learning,7.541478129713424e-4,5.714285714285715e-4,0.3346706584561616,0.29107982898131013,13.386826338246465,14.553991449065506,nolabel
lecturer,2.5138260432378077e-4,1.4285714285714287e-4,0.19321084464900196,0.8826479553245008,7.728433785960078,44.13239776622504,nolabel
legal,0.004273504273504274,0.0018571428571428571,0.3018690408207476,0.44171939068473876,12.074761632829905,22.085969534236938,label
legislation,2.5138260432378077e-4,1.4285714285714287e-4,0.3415294166188687,0.8432135449256748,13.661176664754748,42.16067724628374,nolabel
legislative,0.001005530417295123,1.4285714285714287e-4,0.8833050078246742,0.983073717681691,35.33220031298697,49.15368588408455,nolabel
level,0.0032679738562091504,2.8571428571428574e-4,0.5398445180617273,0.7665649582631886,21.59378072246909,38.32824791315943,nolabel
levels,2.5138260432378077e-4,5.714285714285715e-4,0.6724181044846773,0.5216865276452154,26.896724179387093,26.08432638226077,nolabel
life,5.027652086475615e-4,0.001,0.7534705235157162,0.9387987365480512,30.138820940628648,46.93993682740256,nolabel
linguist,2.5138260432378077e-4,1.4285714285714287e-4,0.2412797997239977,0.9559913559351116,9.651191988959908,47.79956779675558,nolabel
literacy,0.001005530417295123,2.8571428571428574e-4,0.643615092150867,0.5953025857452303,25.74460368603468,29.765129287261516,nolabel
literary,7.541478129713424e-4,5.714285714285715e-4,0.265377665637061,0.6423593831714243,10.61510662548244,32.11796915857121,nolabel
literature,0.004524886877828055,0.005857142857142857,0.5843065096996725,0.8636334042530507,23.3722603879869,43.181670212652534,nolabel
living,7.541478129713424e-4,2.8571428571428574e-4,0.6248255651444197,0.3411625849548727,24.993022605776787,17.058129247743636,nolabel
local,0.0017596782302664656,0.002142857142857143,0.6938434448093176,0.2409858147148043,27.753737792372704,12.049290735740215,nolabel
logistics,2.5138260432378077e-4,7.142857142857143e-4,0.739753927802667,0.8223478095605969,29.59015711210668,41.11739047802985,nolabel
london,0.004524886877828055,1.4285714285714287e-4,0.7776876201387495,0.3437224153894931,31.10750480554998,17.186120769474655,label
major,2.5138260432378077e-4,8.571428571428571e-4,0.04806651803664863,0.22091496689245105,1.9226607214659452,11.045748344622552,nolabel
management,0.001256913021618904,0.0012857142857142856,0.027013115119189024,0.21884889411740005,1.080524604767561,10.942444705870003,nolabel
manufacturing,5.027652086475615e-4,1.4285714285714287e-4,0.1500914073549211,0.8326361514627934,6.003656294196844,41.63180757313967,nolabel
marathon,2.5138260432378077e-4,1.4285714285714287e-4,0.46514332271181047,0.6050456673838198,18.60573290847242,30.25228336919099,nolabel
marine,2.5138260432378077e-4,4.2857142857142855e-4,0.18549175863154233,0.23029643530026078,7.419670345261693,11.514821765013039,nolabel
maternal,2.5138260432378077e-4,1.4285714285714287e-4,0.19194337888620794,0.5436635196674615,7.6777351554483175,27.183175983373076,nolabel
mathematics,2.5138260432378077e-4,2.8571428571428574e-4,0.05368647095747292,0.07303864299319685,2.147458838298917,3.6519321496598423,nolabel
medallist,0.016842634489693312,0.01042857142857143,0.7291251788847148,0.48063015122897923,29.165007155388594,24.03150756144896,nolabel
media,0.0047762694821518355,0.0017142857142857142,0.4772505864966661,0.335770963691175,19.090023459866643,16.78854818455875,nolabel
medical,0.0057817998994469585,0.005,0.7944341953843832,0.5770538481883705,31.777367815375328,28.852692409418523,nolabel
medicine,0.002513826043237808,0.0035714285714285713,0.6264278253074735,0.5436052700970322,25.05711301229894,27.18026350485161,nolabel
melbourne,2.5138260432378077e-4,4.2857142857142855e-4,0.6587100750766695,0.9606107112485915,26.348403003066778,48.03053556242958,nolabel
mental,0.0017596782302664656,5.714285714285715e-4,0.18279107031412423,0.8518471564166248,7.311642812564969,42.59235782083124,nolabel
mentor,0.007541478129713424,0.002,0.06883568782359362,0.27841338887810707,2.7534275129437447,13.920669443905354,nolabel
mentoring,7.541478129713424e-4,2.8571428571428574e-4,0.16506880312226713,0.7142655015923083,6.602752124890685,35.713275079615414,nolabel
mining,2.5138260432378077e-4,1.4285714285714287e-4,0.1200169965159148,0.9437349988147616,4.800679860636592,47.18674994073808,nolabel
model,0.00904977375565611,0.001,0.0038797801826149225,0.2661981428973377,0.1551912073045969,13.309907144866884,nolabel
multicultural,2.5138260432378077e-4,7.142857142857143e-4,0.8839420485310256,0.15863738977350295,35.357681941241026,7.931869488675147,nolabel
multiculturalism,2.5138260432378077e-4,2.8571428571428574e-4,0.5869806481059641,0.2612708506640047,23.479225924238563,13.063542533200234,nolabel
music,0.003770739064856712,0.002857142857142857,0.06530446442775428,0.16686412505805492,2.6121785771101713,8.343206252902746,nolabel
musical,7.541478129713424e-4,2.8571428571428574e-4,0.6732610100880265,0.14841970056295395,26.93044040352106,7.4209850281476974,nolabel
national,0.005530417295123178,0.0027142857142857142,0.4027836052700877,0.6281861818861216,16.11134421080351,31.40930909430608,nolabel
nationally,2.5138260432378077e-4,2.8571428571428574e-4,0.6841611627023667,0.5919852936640382,27.36644650809467,29.59926468320191,nolabel
nations,5.027652086475615e-4,1.4285714285714287e-4,0.9245692552067339,0.8028322604950517,36.98277020826936,40.14161302475259,nolabel
natural,7.541478129713424e-4,1.4285714285714287e-4,0.0980652600992471,0.1870207607280463,3.922610403969884,9.351038036402315,nolabel
netball,0.001005530417295123,0.001,0.17134006810374558,0.3038003675173968,6.853602724149823,15.19001837586984,nolabel
network,5.027652086475615e-4,1.4285714285714287e-4,0.5678694897796959,0.9147389072459191,22.714779591187835,45.736945362295955,nolabel
northern,0.002011060834590246,4.2857142857142855e-4,0.988588027888909,0.7998111364431679,39.54352111555636,39.990556822158396,nolabel
novelist,2.5138260432378077e-4,1.4285714285714287e-4,0.8298954861238599,0.9495673272758722,33.195819444954395,47.47836636379361,nolabel
nuclear,2.5138260432378077e-4,1.4285714285714287e-4,0.27934153168462217,0.9365030128974468,11.173661267384887,46.82515064487234,nolabel
nursing,5.027652086475615e-4,0.0015714285714285715,0.35665472131222486,0.9446865033823997,14.266188852488995,47.234325169119984,label
olympic,0.01256913021618904,0.007,0.36073685460723937,0.43225686089135706,14.429474184289575,21.612843044567853,label
oncology,2.5138260432378077e-4,2.8571428571428574e-4,0.7597736692987382,0.7546757152304053,30.39094677194953,37.73378576152027,nolabel
opera,7.541478129713424e-4,0.0017142857142857142,0.19395592785440385,0.4328579921275377,7.758237114176154,21.642899606376886,nolabel
operations,2.5138260432378077e-4,1.4285714285714287e-4,0.8688863862771541,0.4028708594851196,34.75545545108616,20.14354297425598,nolabel
opportunities,7.541478129713424e-4,5.714285714285715e-4,0.8957667388021946,0.8505949797108769,35.830669552087784,42.52974898554385,nolabel
opportunity,2.5138260432378077e-4,4.2857142857142855e-4,0.23376893484964967,0.10505300387740135,9.350757393985987,5.252650193870068,nolabel
organisation,2.5138260432378077e-4,2.8571428571428574e-4,0.3665404918137938,0.5444564749486744,14.661619672551751,27.222823747433722,nolabel
organisations,0.012066365007541479,0.009571428571428571,0.8905570623464882,0.930259200045839,35.62228249385953,46.51296000229195,nolabel
outcomes,2.5138260432378077e-4,1.4285714285714287e-4,0.4693473291117698,0.22939447965472937,18.773893164470792,11.469723982736468,nolabel
outstanding,7.541478129713424e-4,2.8571428571428574e-4,0.4528254291508347,0.904485251987353,18.113017166033387,45.22426259936765,nolabel
paediatric,5.027652086475615e-4,4.2857142857142855e-4,0.5568375117145479,0.4278100545052439,22.273500468581915,21.390502725262195,nolabel
painter,7.541478129713424e-4,5.714285714285715e-4,0.7180133175570518,0.06439436902292073,28.72053270228207,3.2197184511460364,nolabel
paralympic,0.005027652086475616,0.005142857142857143,0.35985606419853866,0.23192136944271624,14.394242567941546,11.596068472135812,nolabel
parliament,0.010558069381598794,0.003,0.09555700584314764,0.028883614810183644,3.8222802337259054,1.4441807405091822,label
participation,5.027652086475615e-4,8.571428571428571e-4,0.9877243507653475,0.592578106559813,39.5089740306139,29.62890532799065,nolabel
pastoral,5.027652086475615e-4,1.4285714285714287e-4,0.16424687975086272,0.9457925013266504,6.569875190034509,47.28962506633252,nolabel
patients,5.027652086475615e-4,1.4285714285714287e-4,0.7665410623885691,0.001229235203936696,30.661642495542765,0.0614617601968348,nolabel
peace,2.5138260432378077e-4,4.2857142857142855e-4,0.562859715661034,0.1324121009092778,22.51438862644136,6.62060504546389,nolabel
people,0.008044243338360985,0.0035714285714285713,0.17145831533707678,0.09121354948729277,6.858332613483071,4.560677474364638,nolabel
performance,7.541478129713424e-4,7.142857142857143e-4,0.3000479186885059,0.8818106974940747,12.001916747540236,44.090534874703735,nolabel
performer,0.0015082956259426848,4.2857142857142855e-4,0.9663958644960076,0.6368979900144041,38.6558345798403,31.844899500720203,nolabel
performers,0.001005530417295123,2.8571428571428574e-4,0.27858748054131866,0.09054176392965019,11.143499221652746,4.527088196482509,nolabel
performing,0.011312217194570135,0.004714285714285714,0.7040327072609216,0.18579759472049773,28.161308290436864,9.289879736024886,nolabel
philanthropic,7.541478129713424e-4,0.001142857142857143,0.4908609543927014,0.05604537180624902,19.634438175708055,2.802268590312451,nolabel
philanthropy,2.5138260432378077e-4,4.2857142857142855e-4,0.8246594045776874,0.46121851773932576,32.986376183107495,23.060925886966288,nolabel
physics,2.5138260432378077e-4,4.2857142857142855e-4,0.5379926818422973,0.5304038035683334,21.519707273691893,26.52019017841667,nolabel
physiology,2.5138260432378077e-4,1.4285714285714287e-4,0.4925937110092491,0.4769107620231807,19.703748440369964,23.845538101159036,nolabel
physiotherapy,2.5138260432378077e-4,1.4285714285714287e-4,0.876879129325971,0.1724355893675238,35.07516517303884,8.62177946837619,nolabel
pianist,5.027652086475615e-4,1.4285714285714287e-4,0.7955191186629236,0.3746330845169723,31.820764746516943,18.731654225848615,nolabel
pioneer,5.027652086475615e-4,1.4285714285714287e-4,0.6704897554591298,0.11501113651320338,26.819590218365192,5.750556825660169,nolabel
pioneering,0.001005530417295123,1.4285714285714287e-4,0.9788289573043585,0.013696909649297595,39.15315829217434,0.6848454824648798,nolabel
plant,2.5138260432378077e-4,2.8571428571428574e-4,0.31251643411815166,0.87231843941845,12.500657364726067,43.6159219709225,nolabel
player,0.003519356460532931,8.571428571428571e-4,0.7666847635991871,0.6166110581252724,30.667390543967485,30.83055290626362,label
poetry,2.5138260432378077e-4,5.714285714285715e-4,0.3378242205362767,0.24032067228108644,13.512968821451068,12.016033614054322,nolabel
policies,2.5138260432378077e-4,2.8571428571428574e-4,0.5350362518802285,0.33237735531292856,21.40145007520914,16.618867765646428,nolabel
policy,0.002765208647561589,0.0024285714285714284,0.7680936716496944,0.02303825248964131,30.723746865987778,1.1519126244820654,nolabel
politics,0.001005530417295123,0.0014285714285714286,0.6226225651334971,0.4812624480109662,24.904902605339885,24.06312240054831,nolabel
positions,2.5138260432378077e-4,2.8571428571428574e-4,0.934018277330324,0.9368637052830309,37.36073109321296,46.84318526415154,nolabel
power,2.5138260432378077e-4,1.4285714285714287e-4,0.46406763698905706,0.23782792314887047,18.562705479562283,11.891396157443523,nolabel
practice,5.027652086475615e-4,0.001,0.20189136965200305,0.8576996512711048,8.075654786080122,42.88498256355524,nolabel
practitioner,2.5138260432378077e-4,2.8571428571428574e-4,0.9632171131670475,0.3017408000305295,38.5286845266819,15.087040001526475,nolabel
pre,2.5138260432378077e-4,1.4285714285714287e-4,0.626001643249765,0.9660517936572433,25.0400657299906,48.30258968286216,nolabel
premier,2.5138260432378077e-4,1.4285714285714287e-4,0.3922334185335785,0.19708114373497665,15.68933674134314,9.854057186748832,nolabel
presenter,0.001256913021618904,1.4285714285714287e-4,0.06689287000335753,0.9933976023457944,2.675714800134301,49.66988011728972,nolabel
preservation,0.001005530417295123,0.0017142857142857142,0.24555261805653572,0.30481546791270375,9.822104722261429,15.240773395635188,nolabel
preserving,2.5138260432378077e-4,1.4285714285714287e-4,0.5705322220455855,0.16374840447679162,22.82128888182342,8.187420223839581,nolabel
prevention,0.001005530417295123,5.714285714285715e-4,0.6358741151634604,0.24286731122992933,25.434964606538415,12.143365561496466,nolabel
primary,2.5138260432378077e-4,1.4285714285714287e-4,0.8303094750735909,0.9989934908226132,33.212379002943635,49.94967454113066,nolabel
principal,5.027652086475615e-4,1.4285714285714287e-4,0.04909166996367276,0.3627617238089442,1.9636667985469103,18.13808619044721,nolabel
print,7.541478129713424e-4,2.8571428571428574e-4,0.717146038543433,0.3590637817978859,28.685841541737318,17.953189089894295,nolabel
producer,7.541478129713424e-4,5.714285714285715e-4,0.436221971642226,0.3627446577884257,17.44887886568904,18.137232889421284,nolabel
profession,0.0017596782302664656,8.571428571428571e-4,0.8518349600490183,0.35136145330034196,34.07339840196073,17.568072665017098,nolabel
professional,0.006033182503770739,0.004857142857142857,0.7389337744098157,0.34433274739421904,29.557350976392627,17.216637369710952,nolabel
profit,0.001005530417295123,2.8571428571428574e-4,0.5413145627826452,0.5987068202812225,21.65258251130581,29.935341014061123,nolabel
program,2.5138260432378077e-4,5.714285714285715e-4,0.3444291560444981,0.6981443234253675,13.777166241779923,34.907216171268374,nolabel
programs,0.002513826043237808,0.0012857142857142856,0.9476643647067249,0.5203899713233113,37.906574588268995,26.019498566165566,nolabel
projects,2.5138260432378077e-4,4.2857142857142855e-4,0.12835788587108254,0.6909080336336046,5.134315434843302,34.54540168168023,nolabel
promoter,5.027652086475615e-4,1.4285714285714287e-4,0.16840467136353254,0.8041338319890201,6.736186854541302,40.206691599451005,nolabel
promoting,0.001256913021618904,0.0017142857142857142,0.9857848025858402,0.4936699760146439,39.43139210343361,24.683498800732195,nolabel
promotion,0.002765208647561589,0.005857142857142857,0.9156547547318041,0.008855014108121395,36.626190189272165,0.44275070540606976,nolabel
prostate,2.5138260432378077e-4,2.8571428571428574e-4,0.783984785201028,0.5712013505399227,31.35939140804112,28.560067526996136,nolabel
protection,0.001005530417295123,7.142857142857143e-4,0.3028242769651115,0.7947014747187495,12.11297107860446,39.735073735937476,nolabel
public,0.005027652086475616,0.005714285714285714,0.9991058786399662,0.22539867833256721,39.96423514559865,11.26993391662836,nolabel
publisher,5.027652086475615e-4,4.2857142857142855e-4,0.21963260672055185,0.025756642455235124,8.785304268822074,1.2878321227617562,nolabel
publishing,2.5138260432378077e-4,5.714285714285715e-4,0.5708658422809094,0.6486732747871429,22.834633691236377,32.433663739357144,nolabel
queensland,0.0015082956259426848,0.001142857142857143,0.22804213757626712,0.19277212861925364,9.121685503050685,9.638606430962682,nolabel
radio,7.541478129713424e-4,4.2857142857142855e-4,0.45682339323684573,0.4161205592099577,18.27293572947383,20.806027960497886,nolabel
raising,7.541478129713424e-4,0.0014285714285714286,0.5604065088555217,0.9133086304645985,22.416260354220867,45.66543152322993,nolabel
range,0.006787330316742082,0.005,0.9066277320962399,0.7652740653138608,36.2651092838496,38.26370326569304,nolabel
reconciliation,2.5138260432378077e-4,7.142857142857143e-4,0.08238218119367957,0.7127273199148476,3.295287247747183,35.63636599574238,nolabel
recording,7.541478129713424e-4,0.001,0.05455503473058343,0.10289564309641719,2.182201389223337,5.144782154820859,nolabel
reform,0.002765208647561589,0.002142857142857143,0.7507905003149062,0.8569286598358303,30.03162001259625,42.84643299179152,nolabel
refugees,2.5138260432378077e-4,2.8571428571428574e-4,0.14112265640869737,0.5464839900378138,5.644906256347895,27.32419950189069,nolabel
rehabilitation,5.027652086475615e-4,2.8571428571428574e-4,0.3790886770002544,0.7210846145171672,15.163547080010176,36.05423072585836,nolabel
relations,0.003519356460532931,0.0027142857142857142,0.04882931848987937,0.2302310960367322,1.9531727395951748,11.51155480183661,nolabel
religion,2.5138260432378077e-4,4.2857142857142855e-4,0.754685829160735,0.44428129959851503,30.1874331664294,22.21406497992575,nolabel
remote,5.027652086475615e-4,4.2857142857142855e-4,0.9215519942808896,0.41710135783068836,36.862079771235585,20.855067891534418,nolabel
renewable,2.5138260432378077e-4,1.4285714285714287e-4,0.7090901744086295,0.533480575075373,28.36360697634518,26.674028753768653,nolabel
representational,7.541478129713424e-4,1.4285714285714287e-4,0.2799771656282246,0.3500218999106437,11.199086625128984,17.501094995532185,nolabel
representative,2.5138260432378077e-4,2.8571428571428574e-4,0.24582461034879088,0.9859585501253605,9.832984413951635,49.297927506268024,nolabel
representing,2.5138260432378077e-4,1.4285714285714287e-4,0.21062695235013962,0.2669916197191924,8.425078094005585,13.34958098595962,nolabel
research,0.007792860734037205,0.008285714285714285,0.91197434742935,0.8924176767468452,36.478973897174,44.62088383734226,nolabel
researcher,0.002513826043237808,0.004,0.24703532923012972,0.2289821037556976,9.881413169205189,11.44910518778488,label
rights,0.0032679738562091504,0.002285714285714286,0.6057662300299853,0.4095290508121252,24.230649201199412,20.47645254060626,nolabel
risk,2.5138260432378077e-4,1.4285714285714287e-4,0.7862130347639322,0.5682149697095156,31.44852139055729,28.41074848547578,nolabel
role,0.009552538964303671,0.001142857142857143,0.5971647144760936,0.7365311235189438,23.886588579043746,36.82655617594719,nolabel
roles,0.010558069381598794,0.004428571428571428,0.7413419946096838,0.4482236527837813,29.65367978438735,22.411182639189065,nolabel
rowing,2.5138260432378077e-4,1.4285714285714287e-4,0.8440636626910418,0.4235538085922599,33.76254650764167,21.177690429612994,nolabel
rural,0.001256913021618904,4.2857142857142855e-4,0.6341116479597986,0.8241989447269589,25.364465918391943,41.209947236347944,nolabel
safety,2.5138260432378077e-4,1.4285714285714287e-4,0.2743831775151193,0.24006754369474947,10.975327100604773,12.003377184737474,nolabel
sailing,7.541478129713424e-4,1.4285714285714287e-4,0.4694833515677601,0.7062478086445481,18.779334062710404,35.3123904322274,nolabel
schools,5.027652086475615e-4,2.8571428571428574e-4,0.24471809878014028,0.21696241153404117,9.788723951205611,10.848120576702058,nolabel
science,0.0057817998994469585,0.006142857142857143,0.890610686969012,0.00619315286166966,35.62442747876048,0.309657643083483,nolabel
sciences,0.0022624434389140274,4.2857142857142855e-4,0.18718439200893044,0.5732548134401441,7.487375680357218,28.662740672007203,nolabel
scientific,0.002765208647561589,0.0015714285714285715,0.1993522180709988,0.35501614515669644,7.9740887228399515,17.750807257834822,nolabel
scientist,0.0015082956259426848,4.2857142857142855e-4,0.16853450890630484,0.649931525811553,6.7413803562521935,32.49657629057765,nolabel
screen,7.541478129713424e-4,1.4285714285714287e-4,0.9162915460765362,0.8830867800861597,36.65166184306145,44.154339004307985,nolabel
sculptor,2.5138260432378077e-4,2.8571428571428574e-4,0.6718168980441988,0.29364933469332755,26.87267592176795,14.682466734666377,nolabel
sector,0.0032679738562091504,0.0018571428571428571,0.40069701219908893,0.7365201187785715,16.027880487963557,36.826005938928574,nolabel
sectors,0.001256913021618904,4.2857142857142855e-4,0.08773217350244522,0.3668052852153778,3.509286940097809,18.34026426076889,nolabel
security,2.5138260432378077e-4,4.2857142857142855e-4,0.1519626067019999,0.9929442482534796,6.078504268079996,49.64721241267398,nolabel
seekers,5.027652086475615e-4,2.8571428571428574e-4,0.37485160445794463,0.329196996986866,14.994064178317785,16.4598498493433,nolabel
selector,2.5138260432378077e-4,1.4285714285714287e-4,0.5671729783061892,0.6395066208206117,22.686919132247567,31.975331041030586,nolabel
senior,0.0015082956259426848,4.2857142857142855e-4,0.5152978389523923,0.4663866327609867,20.611913558095694,23.319331638049334,nolabel
service,0.10809451985922575,0.10714285714285714,0.9029834531247616,0.07697694306261837,36.11933812499046,3.8488471531309187,nolabel
services,5.027652086475615e-4,0.003,0.1705938084051013,0.8654953115619719,6.823752336204052,43.274765578098595,nolabel
singer,0.001256913021618904,7.142857142857143e-4,0.8135799025185406,0.7570889429189265,32.543196100741625,37.854447145946324,nolabel
skiing,2.5138260432378077e-4,1.4285714285714287e-4,0.8157239835709333,0.7166505502536893,32.628959342837334,35.832527512684464,nolabel
social,0.006787330316742082,0.006714285714285714,0.6048660683445632,0.7580888678785414,24.19464273378253,37.90444339392707,nolabel
societies,7.541478129713424e-4,2.8571428571428574e-4,0.7256613017525524,0.6566119270864874,29.026452070102096,32.83059635432437,nolabel
society,5.027652086475615e-4,0.001,0.3706090194173157,0.621292345225811,14.824360776692629,31.06461726129055,nolabel
softball,5.027652086475615e-4,2.8571428571428574e-4,0.655560061102733,0.3098009475506842,26.22240244410932,15.49004737753421,nolabel
solar,2.5138260432378077e-4,1.4285714285714287e-4,0.1319596793036908,0.6909125170204788,5.278387172147632,34.54562585102394,nolabel
songwriter,0.001256913021618904,1.4285714285714287e-4,0.22632168140262365,0.512249676277861,9.052867256104946,25.61248381389305,label
soprano,2.5138260432378077e-4,1.4285714285714287e-4,0.2686899190302938,0.9391476472374052,10.747596761211753,46.95738236187026,nolabel
south,0.006033182503770739,0.002142857142857143,0.4618095376063138,0.547955441987142,18.472381504252553,27.3977720993571,nolabel
southern,2.5138260432378077e-4,1.4285714285714287e-4,0.002352302661165595,0.8395465465728194,0.0940921064466238,41.97732732864097,nolabel
spinal,2.5138260432378077e-4,2.8571428571428574e-4,0.6366364343557507,0.13779311440885067,25.465457374230027,6.8896557204425335,nolabel
sport,0.020361990950226245,0.018571428571428572,0.019908835412934422,0.7384271025657654,0.7963534165173769,36.92135512828827,label
squash,5.027652086475615e-4,1.4285714285714287e-4,0.0766525431536138,0.19212321587838233,3.0661017261445522,9.606160793919116,nolabel
stage,7.541478129713424e-4,1.4285714285714287e-4,0.5069894639309496,0.05734180356375873,20.279578557237983,2.8670901781879365,nolabel
standards,7.541478129713424e-4,4.2857142857142855e-4,0.07928791223093867,0.7261662322562188,3.171516489237547,36.30831161281094,nolabel
status,5.027652086475615e-4,4.2857142857142855e-4,0.8195622614584863,0.5255791128147393,32.78249045833945,26.278955640736967,nolabel
strait,5.027652086475615e-4,2.8571428571428574e-4,0.28581648762337863,0.8584095551632345,11.432659504935145,42.920477758161724,nolabel
strategic,2.5138260432378077e-4,2.8571428571428574e-4,0.30685476469807327,0.5747916849795729,12.27419058792293,28.739584248978645,nolabel
studies,0.001256913021618904,8.571428571428571e-4,0.9302630634047091,0.23282772256061435,37.210522536188364,11.641386128030717,nolabel
study,7.541478129713424e-4,0.0014285714285714286,0.2784217167645693,0.6857195401098579,11.136868670582771,34.285977005492896,nolabel
support,0.006033182503770739,0.005857142857142857,0.7105958836618811,0.42578634596429765,28.423835346475244,21.289317298214883,nolabel
supporter,0.004022121669180492,0.0012857142857142856,0.6404382549226284,0.27954511204734445,25.617530196905136,13.977255602367222,nolabel
supporting,2.5138260432378077e-4,2.8571428571428574e-4,0.3833396486006677,0.6533207308966666,15.333585944026709,32.66603654483333,nolabel
surgical,2.5138260432378077e-4,1.4285714285714287e-4,0.6931903145741671,0.7774726701900363,27.727612582966685,38.873633509501815,nolabel
sustainability,2.5138260432378077e-4,1.4285714285714287e-4,0.587901797844097,0.7991506361868232,23.51607191376388,39.95753180934116,nolabel
swimming,0.001005530417295123,0.0015714285714285715,0.80371621879749,0.42396051273681223,32.1486487518996,21.19802563684061,nolabel
system,7.541478129713424e-4,1.4285714285714287e-4,0.3483312400057912,0.2526034719776362,13.933249600231647,12.630173598881811,nolabel
tasmania,0.001005530417295123,2.8571428571428574e-4,0.1698295681271702,0.5030821750406176,6.793182725086808,25.15410875203088,nolabel
tasmanian,2.5138260432378077e-4,2.8571428571428574e-4,0.023857569554820657,0.6380109055899084,0.9543027821928263,31.900545279495418,nolabel
teacher,5.027652086475615e-4,0.001142857142857143,0.4836046905256808,0.3844982923474163,19.34418762102723,19.224914617370814,nolabel
teaching,2.5138260432378077e-4,8.571428571428571e-4,0.3553343019448221,0.637435196666047,14.213372077792883,31.87175983330235,nolabel
technology,0.0015082956259426848,8.571428571428571e-4,0.147657175315544,0.0029881440568715334,5.90628701262176,0.14940720284357667,nolabel
television,0.0015082956259426848,0.001,0.9267765302211046,0.22212292742915452,37.071061208844185,11.106146371457726,nolabel
tennis,0.001005530417295123,1.4285714285714287e-4,0.6697503551840782,0.5658684372901917,26.79001420736313,28.293421864509583,nolabel
territory,0.0022624434389140274,5.714285714285715e-4,0.0946477116085589,0.47574671218171716,3.7859084643423557,23.787335609085858,nolabel
tertiary,0.003519356460532931,0.0015714285714285715,0.471019129967317,0.7959471063222736,18.84076519869268,39.79735531611368,nolabel
theatre,7.541478129713424e-4,4.2857142857142855e-4,0.16950960597023368,0.1376417251303792,6.780384238809347,6.88208625651896,nolabel
theory,2.5138260432378077e-4,2.8571428571428574e-4,0.35963294049724936,0.5105668460018933,14.385317619889975,25.528342300094664,nolabel
torres,5.027652086475615e-4,2.8571428571428574e-4,0.7998791756108403,0.6487080676015466,31.995167024433613,32.43540338007733,nolabel
tourism,0.001005530417295123,2.8571428571428574e-4,0.507533055730164,0.4169670769479126,20.301322229206562,20.84835384739563,nolabel
trade,2.5138260432378077e-4,8.571428571428571e-4,0.8566347975283861,0.05009761988185346,34.265391901135445,2.504880994092673,nolabel
training,0.001005530417295123,8.571428571428571e-4,0.7097131120972335,0.7723919237032533,28.38852448388934,38.61959618516266,nolabel
treatment,0.001256913021618904,4.2857142857142855e-4,0.08334732544608414,0.3963934003841132,3.3338930178433657,19.81967001920566,nolabel
tropical,2.5138260432378077e-4,1.4285714285714287e-4,0.5383459308650345,0.6954680553171784,21.53383723460138,34.77340276585892,nolabel
understanding,0.001256913021618904,0.001,0.19346704264171422,0.3674436532892287,7.738681705668569,18.372182664461434,nolabel
united,5.027652086475615e-4,5.714285714285715e-4,0.5271246035117656,0.267670035129413,21.084984140470624,13.38350175647065,nolabel
universities,5.027652086475615e-4,2.8571428571428574e-4,0.7498295116238296,0.5774425915442407,29.993180464953184,28.872129577212036,nolabel
university,2.5138260432378077e-4,0.0015714285714285715,0.6007583292666823,0.44780000671744347,24.03033317066729,22.390000335872173,nolabel
urban,2.5138260432378077e-4,1.4285714285714287e-4,0.5820190652739257,0.4696733795572072,23.280762610957026,23.48366897786036,nolabel
veterans,2.5138260432378077e-4,4.2857142857142855e-4,0.3209747043438256,0.007487844908609986,12.838988173753023,0.3743922454304993,nolabel
victoria,0.002513826043237808,0.0012857142857142856,0.177943822927773,0.6651211152784526,7.11775291711092,33.25605576392263,nolabel
violence,5.027652086475615e-4,2.8571428571428574e-4,0.527661340078339,0.999048329424113,21.10645360313356,49.95241647120565,nolabel
visual,0.002765208647561589,0.0025714285714285713,0.4448846993036568,0.2975637649651617,17.795387972146273,14.878188248258084,nolabel
wales,0.0030165912518853697,8.571428571428571e-4,0.6257661352865398,0.6573130988981575,25.03064541146159,32.865654944907874,nolabel
war,2.5138260432378077e-4,7.142857142857143e-4,0.22053704876452684,0.10429239459335804,8.821481950581074,5.214619729667902,nolabel
water,2.5138260432378077e-4,2.8571428571428574e-4,0.24937127553857863,0.5794836354907602,9.974851021543145,28.97418177453801,nolabel
welfare,0.002513826043237808,0.004428571428571428,0.18682023510336876,0.8704121552873403,7.47280940413475,43.520607764367014,label
western,0.0022624434389140274,8.571428571428571e-4,0.15693707554601133,0.9887855311390013,6.277483021840453,49.43927655695006,nolabel
wide,2.5138260432378077e-4,2.8571428571428574e-4,0.6754125596489757,0.2921535049099475,27.01650238595903,14.607675245497376,nolabel
wildlife,0.001005530417295123,1.4285714285714287e-4,0.14777185185812414,0.8251080908812582,5.9108740743249655,41.25540454406291,nolabel
women,0.015082956259426848,0.012571428571428572,0.7696746317669749,0.029237064765766263,30.786985270678997,1.4618532382883132,nolabel
workplace,2.5138260432378077e-4,2.8571428571428574e-4,0.6915431686211377,0.18999414355494082,27.66172674484551,9.499707177747041,nolabel
world,7.541478129713424e-4,0.0015714285714285715,0.311599190114066,0.8544062627479434,12.46396760456264,42.72031313739717,nolabel
writer,0.001005530417295123,0.001142857142857143,0.7575264286715537,0.08068940741941333,30.30105714686215,4.034470370970666,nolabel
writers,7.541478129713424e-4,0.001142857142857143,0.31517071020789444,0.9309523820411414,12.606828408315778,46.54761910205707,nolabel
youth,0.002011060834590246,8.571428571428571e-4,0.17301990068517625,0.7396823912858963,6.92079602740705,36.984119564294815,nolabel
ywca,2.5138260432378077e-4,1.4285714285714287e-4,0.1731410853099078,0.2785052473191172,6.925643412396312,13.92526236595586,nolabel
